{
	"NN": [
		{
			"n_neurons_pre": 4,
			"n_neurons_pos": 3,
			"weight": [ 0.67533183097839355, 1.5554364919662476, -2.1186864376068115, -0.61425822973251343, 1.1699881553649902, -1.4527238607406616, 0.64079701900482178, 0.1476668119430542, 0.35687735676765442, 1.1451581716537476, 1.4297741651535034, -0.6410292387008667 ]
		},
		{
			"n_neurons_pre": 3,
			"n_neurons_pos": 1,
			"weight": [ -3.4133548736572266, -0.7155611515045166, 0.3171849250793457 ]
		}
	]
}