{
	"NN": [
		{
			"n_neurons_pre": 4,
			"n_neurons_pos": 3,
			"weight": [ 0.67533183097839355, 1.5554364919662476, -2.1454024314880371, -0.59750354290008545, 1.0876858234405518, -1.4527238607406616, 0.50464177131652832, 0.1476668119430542, 0.4532243013381958, 1.1451581716537476, 1.4297741651535034, -0.82493990659713745 ]
		},
		{
			"n_neurons_pre": 3,
			"n_neurons_pos": 1,
			"weight": [ -3.240809440612793, -0.58460015058517456, 0.65088653564453125 ]
		}
	]
}