{
	"n_input": 4,
	"n_output": 1,
	"input": [ 523.70233154296875, 1276.2354736328125, 1677.8892822265625, 626.63916015625, 522.47747802734375, 1273.2427978515625, 1679.2066650390625, 627.12982177734375, 521.35577392578125, 1270.4859619140625, 1680.427490234375, 627.5704345703125, 519.80279541015625, 1266.69677734375, 1682.0733642578125, 628.18328857421875, 517.8170166015625, 1261.8609619140625, 1684.1610107421875, 628.96514892578125, 515.3890380859375, 1255.9517822265625, 1686.7115478515625, 629.92413330078125, 512.53240966796875, 1248.994384765625, 1689.739501953125, 631.0560302734375, 509.2435302734375, 1240.982177734375, 1693.2244873046875, 632.35809326171875, 505.52105712890625, 1231.90771484375, 1697.1800537109375, 633.83624267578125, 501.36297607421875, 1221.77880859375, 1701.5943603515625, 635.48553466796875, 496.77200317382813, 1210.5980224609375, 1706.4599609375, 637.30670166015625, 491.74755859375, 1198.3682861328125, 1711.77783203125, 639.300048828125, 486.28689575195313, 1185.0592041015625, 1717.59814453125, 641.470703125, 480.39431762695313, 1170.6854248046875, 1723.888671875, 643.81524658203125, 474.06558227539063, 1155.2606201171875, 1730.631103515625, 646.33319091796875, 467.30340576171875, 1138.787109375, 1737.826171875, 649.020751953125, 460.11273193359375, 1121.2734375, 1745.460205078125, 651.87939453125, 452.483642578125, 1102.68701171875, 1753.5826416015625, 654.91424560546875, 444.41827392578125, 1083.02587890625, 1762.1912841796875, 658.1241455078125, 435.921142578125, 1062.3192138671875, 1771.24609375, 661.504150390625, 426.99398803710938, 1040.5587158203125, 1780.755615234375, 665.0594482421875, 417.62692260742188, 1017.7284545898438, 1790.751220703125, 668.78814697265625, 407.82659912109375, 993.841796875, 1801.210205078125, 672.69000244140625, 397.593505859375, 968.91796875, 1812.09033203125, 676.76129150390625, 386.92837524414063, 942.92132568359375, 1823.4700927734375, 681.0098876953125, 375.82766723632813, 915.8702392578125, 1835.3067626953125, 685.4305419921875, 364.2940673828125, 887.76715087890625, 1847.5927734375, 690.02288818359375, 352.32672119140625, 858.60638427734375, 1860.3472900390625, 694.7872314453125, 339.9234619140625, 828.37969970703125, 1873.5753173828125, 699.727783203125, 327.08560180664063, 797.09344482421875, 1887.274169921875, 704.84246826171875, 313.81427001953125, 764.7469482421875, 1997.721435546875, 710.130615234375, 300.10894775390625, 731.34613037109375, 2000, 715.59161376953125, 285.96957397460938, 696.88800048828125, 2000, 721.22625732421875, 271.39920043945313, 661.380126953125, 2000, 727.02874755859375, 256.3929443359375, 624.81951904296875, 2000, 782.224609375, 240.95295715332031, 555.5133056640625, 2000, 830.95855712890625, 208.87887573242188, 436.94989013671875, 2000, 881.05242919921875, 150.65951538085938, 315.16116333007813, 2000, 932.51275634765625, 95.932220458984375, 200.68142700195313, 2000, 980.88482666015625, 95.932220458984375, 200.68142700195313, 2000, 980.88482666015625, 95.932220458984375, 200.68142700195313, 2000, 980.88482666015625, 95.932220458984375, 200.68142700195313, 2000, 980.88482666015625, 95.932220458984375, 200.68142700195313, 2000, 980.88482666015625, 95.932220458984375, 200.68142700195313, 2000, 980.88482666015625, 95.932220458984375, 200.68142700195313, 2000, 980.88482666015625, 95.932220458984375, 200.68142700195313, 2000, 980.88482666015625, 95.932220458984375, 200.68142700195313, 2000, 980.88482666015625, 95.932220458984375, 200.68142700195313, 2000, 980.88482666015625, 95.932220458984375, 200.68142700195313, 2000, 980.88482666015625, 95.932220458984375, 200.68142700195313, 2000, 980.88482666015625, 95.932220458984375, 200.68142700195313, 2000, 980.88482666015625, 95.932220458984375, 200.68142700195313, 2000, 980.88482666015625, 95.932220458984375, 200.68142700195313, 2000, 980.88482666015625, 95.932220458984375, 200.68142700195313, 2000, 980.88482666015625, 95.932220458984375, 200.68142700195313, 2000, 980.88482666015625, 95.932220458984375, 200.68142700195313, 2000, 980.88482666015625, 95.932220458984375, 200.68142700195313, 2000, 980.88482666015625, 95.932220458984375, 200.68142700195313, 2000, 980.88482666015625, 95.932220458984375, 200.68142700195313, 2000, 980.88482666015625, 95.932220458984375, 200.68142700195313, 2000, 980.88482666015625, 95.932220458984375, 200.68142700195313, 2000, 980.88482666015625, 95.932220458984375, 200.68142700195313, 2000, 980.88482666015625, 95.932220458984375, 200.68142700195313, 2000, 980.88482666015625, 95.932220458984375, 200.68142700195313, 2000, 980.88482666015625, 95.932220458984375, 200.68142700195313, 2000, 980.88482666015625, 95.932220458984375, 200.68142700195313, 2000, 980.88482666015625, 95.932220458984375, 200.68142700195313, 2000, 980.88482666015625, 95.932220458984375, 200.68142700195313, 2000, 980.88482666015625, 95.932220458984375, 200.68142700195313, 2000, 980.88482666015625, 95.932220458984375, 200.68142700195313, 2000, 980.88482666015625, 95.932220458984375, 200.68142700195313, 2000, 980.88482666015625, 95.932220458984375, 200.68142700195313, 2000, 980.88482666015625, 95.932220458984375, 200.68142700195313, 2000, 980.88482666015625, 95.932220458984375, 200.68142700195313, 2000, 980.88482666015625, 95.932220458984375, 200.68142700195313, 2000, 980.88482666015625, 95.932220458984375, 200.68142700195313, 2000, 980.88482666015625, 95.932220458984375, 200.68142700195313, 2000, 980.88482666015625, 95.932220458984375, 200.68142700195313, 2000, 980.88482666015625, 95.932220458984375, 200.68142700195313, 2000, 980.88482666015625, 95.932220458984375, 200.68142700195313, 2000, 980.88482666015625, 95.932220458984375, 200.68142700195313, 2000, 980.88482666015625, 95.932220458984375, 200.68142700195313, 2000, 980.88482666015625, 95.932220458984375, 200.68142700195313, 2000, 980.88482666015625, 95.932220458984375, 200.68142700195313, 2000, 980.88482666015625, 95.932220458984375, 200.68142700195313, 2000, 980.88482666015625, 95.932220458984375, 200.68142700195313, 2000, 980.88482666015625, 95.932220458984375, 200.68142700195313, 2000, 980.88482666015625, 95.932220458984375, 200.68142700195313, 2000, 980.88482666015625, 95.932220458984375, 200.68142700195313, 2000, 980.88482666015625, 95.932220458984375, 200.68142700195313, 2000, 980.88482666015625, 95.932220458984375, 200.68142700195313, 2000, 980.88482666015625, 95.932220458984375, 200.68142700195313, 2000, 980.88482666015625, 95.932220458984375, 200.68142700195313, 2000, 980.88482666015625, 95.932220458984375, 200.68142700195313, 2000, 980.88482666015625, 95.932220458984375, 200.68142700195313, 2000, 980.88482666015625, 95.932220458984375, 200.68142700195313, 2000, 980.88482666015625, 95.932220458984375, 200.68142700195313, 2000, 980.88482666015625, 95.932220458984375, 200.68142700195313, 2000, 980.88482666015625, 95.932220458984375, 200.68142700195313, 2000, 980.88482666015625, 95.932220458984375, 200.68142700195313, 2000, 980.88482666015625, 95.932220458984375, 200.68142700195313, 2000, 980.88482666015625, 95.932220458984375, 200.68142700195313, 2000, 980.88482666015625, 95.932220458984375, 200.68142700195313, 2000, 980.88482666015625, 95.932220458984375, 200.68142700195313, 2000, 980.88482666015625, 95.932220458984375, 200.68142700195313, 2000, 980.88482666015625, 95.932220458984375, 200.68142700195313, 2000, 980.88482666015625, 95.932220458984375, 200.68142700195313, 2000, 980.88482666015625, 95.932220458984375, 200.68142700195313, 2000, 980.88482666015625, 95.932220458984375, 200.68142700195313, 2000, 980.88482666015625, 95.932220458984375, 200.68142700195313, 2000, 980.88482666015625, 95.932220458984375, 200.68142700195313, 2000, 980.88482666015625, 95.932220458984375, 200.68142700195313, 2000, 980.88482666015625, 95.932220458984375, 200.68142700195313, 2000, 980.88482666015625, 95.932220458984375, 200.68142700195313, 2000, 980.88482666015625, 95.932220458984375, 200.68142700195313, 2000, 980.88482666015625, 95.932220458984375, 200.68142700195313, 2000, 