{
	"n_input": 4,
	"n_output": 1,
	"input": [ 523.70233154296875, 1276.2354736328125, 1677.8892822265625, 626.63916015625, 520.95684814453125, 1269.5440673828125, 1680.8233642578125, 627.7374267578125, 519.36480712890625, 1265.6353759765625, 1682.5474853515625, 628.36663818359375, 517.41302490234375, 1260.87890625, 1684.6220703125, 629.13555908203125, 515.03106689453125, 1255.0670166015625, 1687.149169921875, 630.078369140625, 512.21514892578125, 1248.204833984375, 1690.1351318359375, 631.19403076171875, 508.96246337890625, 1240.2774658203125, 1693.5960693359375, 632.48199462890625, 505.28067016601563, 1231.29736328125, 1697.5130615234375, 633.9444580078125, 501.16265869140625, 1221.2618408203125, 1701.8902587890625, 635.578125, 496.61117553710938, 1210.17431640625, 1706.719482421875, 637.38299560546875, 491.62570190429688, 1198.0279541015625, 1712.0172119140625, 639.364990234375, 486.20407104492188, 1184.8189697265625, 1717.787109375, 641.5198974609375, 480.35055541992188, 1170.546630859375, 1724.028076171875, 643.84661865234375, 474.0592041015625, 1155.208984375, 1730.7467041015625, 646.3515625, 467.3365478515625, 1138.8194580078125, 1737.922607421875, 649.0240478515625, 460.18264770507813, 1121.3902587890625, 1745.532470703125, 651.8697509765625, 452.00814819335938, 1101.4705810546875, 1754.2464599609375, 655.12322998046875, 443.95156860351563, 1081.839111328125, 1762.829345703125, 658.3314208984375, 435.46200561523438, 1061.1595458984375, 1771.8597412109375, 661.70709228515625, 426.5389404296875, 1039.4095458984375, 1781.3824462890625, 665.260498046875, 417.1783447265625, 1016.58984375, 1791.384765625, 668.98876953125, 407.37210083007813, 992.6942138671875, 1801.8619384765625, 672.90081787109375, 397.13348388671875, 967.742919921875, 1812.802978515625, 676.98736572265625, 386.4608154296875, 941.7337646484375, 1824.2081298828125, 681.2462158203125, 375.35150146484375, 914.6668701171875, 1836.0770263671875, 685.678466796875, 363.81082153320313, 886.541259765625, 1848.409423828125, 690.28466796875, 351.83612060546875, 857.35858154296875, 1861.2059326171875, 695.06317138671875, 339.42633056640625, 827.11968994140625, 1874.4656982421875, 700.0140380859375, 326.58285522460938, 795.82318115234375, 1888.189453125, 705.140625, 313.30450439453125, 763.46868896484375, 2000, 710.43817138671875, 299.59454345703125, 730.057861328125, 2000, 715.90838623046875, 285.44900512695313, 695.589111328125, 2000, 721.5538330078125, 270.87103271484375, 660.06134033203125, 2000, 736.12994384765625, 255.85745239257813, 623.478271484375, 2000, 783.49090576171875, 240.40936279296875, 552.67901611328125, 2000, 832.2166748046875, 207.54908752441406, 434.13259887695313, 2000, 882.3211669921875, 149.33078002929688, 312.36065673828125, 2000, 933.78570556640625, 99.63232421875, 208.40321350097656, 2000, 977.72528076171875, 99.63232421875, 208.40321350097656, 2000, 977.72528076171875, 99.63232421875, 208.40321350097656, 2000, 977.72528076171875, 99.63232421875, 208.40321350097656, 2000, 977.72528076171875, 99.63232421875, 208.40321350097656, 2000, 977.72528076171875, 99.63232421875, 208.40321350097656, 2000, 977.72528076171875, 99.63232421875, 208.40321350097656, 2000, 977.72528076171875, 99.63232421875, 208.40321350097656, 2000, 977.72528076171875, 99.63232421875, 208.40321350097656, 2000, 977.72528076171875, 99.63232421875, 208.40321350097656, 2000, 977.72528076171875, 99.63232421875, 208.40321350097656, 2000, 977.72528076171875, 99.63232421875, 208.40321350097656, 2000, 977.72528076171875, 99.63232421875, 208.40321350097656, 2000, 977.72528076171875, 99.63232421875, 208.40321350097656, 2000, 977.72528076171875, 99.63232421875, 208.40321350097656, 2000, 977.72528076171875, 99.63232421875, 208.40321350097656, 2000, 977.72528076171875, 99.63232421875, 208.40321350097656, 2000, 977.72528076171875, 99.63232421875, 208.40321350097656, 2000, 977.72528076171875, 99.63232421875, 208.40321350097656, 2000, 977.72528076171875, 99.63232421875, 208.40321350097656, 2000, 977.72528076171875, 99.63232421875, 208.40321350097656, 2000, 977.72528076171875, 99.63232421875, 208.40321350097656, 2000, 977.72528076171875, 99.63232421875, 208.40321350097656, 2000, 977.72528076171875, 99.63232421875, 208.40321350097656, 2000, 977.72528076171875, 99.63232421875, 208.40321350097656, 2000, 977.72528076171875, 99.63232421875, 208.40321350097656, 2000, 977.72528076171875, 99.63232421875, 208.40321350097656, 2000, 977.72528076171875, 99.63232421875, 208.40321350097656, 2000, 977.72528076171875, 99.63232421875, 208.40321350097656, 2000, 977.72528076171875, 99.63232421875, 208.40321350097656, 2000, 977.72528076171875, 99.63232421875, 208.40321350097656, 2000, 977.72528076171875, 99.63232421875, 208.40321350097656, 2000, 977.72528076171875, 99.63232421875, 208.40321350097656, 2000, 977.72528076171875, 99.63232421875, 208.40321350097656, 2000, 977.72528076171875, 99.63232421875, 208.40321350097656, 2000, 977.72528076171875, 99.63232421875, 208.40321350097656, 2000, 977.72528076171875, 99.63232421875, 208.40321350097656, 2000, 977.72528076171875, 99.63232421875, 208.40321350097656, 2000, 977.72528076171875, 99.63232421875, 208.40321350097656, 2000, 977.72528076171875, 99.63232421875, 208.40321350097656, 2000, 977.72528076171875, 99.63232421875, 208.40321350097656, 2000, 977.72528076171875, 99.63232421875, 208.40321350097656, 2000, 977.72528076171875, 99.63232421875, 208.40321350097656, 2000, 977.72528076171875, 99.63232421875, 208.40321350097656, 2000, 977.72528076171875, 99.63232421875, 208.40321350097656, 2000, 977.72528076171875, 99.63232421875, 208.40321350097656, 2000, 977.72528076171875, 99.63232421875, 208.40321350097656, 2000, 977.72528076171875, 99.63232421875, 208.40321350097656, 2000, 977.72528076171875, 99.63232421875, 208.40321350097656, 2000, 977.72528076171875, 99.63232421875, 208.40321350097656, 2000, 977.72528076171875, 99.63232421875, 208.40321350097656, 2000, 977.72528076171875, 99.63232421875, 208.40321350097656, 2000, 977.72528076171875, 99.63232421875, 208.40321350097656, 2000, 977.72528076171875, 99.63232421875, 208.40321350097656, 2000, 977.72528076171875, 99.63232421875, 208.40321350097656, 2000, 977.72528076171875, 99.63232421875, 208.40321350097656, 2000, 977.72528076171875, 99.63232421875, 208.40321350097656, 2000, 977.72528076171875, 99.63232421875, 208.40321350097656, 2000, 977.72528076171875, 99.63232421875, 208.40321350097656, 2000, 977.72528076171875, 99.63232421875, 208.40321350097656, 2000, 977.72528076171875, 99.63232421875, 208.40321350097656, 2000, 977.72528076171875, 99.63232421875, 208.40321350097656, 2000, 977.72528076171875, 99.63232421875, 208.40321350097656, 2000, 977.72528076171875, 99.63232421875, 208.40321350097656, 2000, 977.72528076171875, 99.63232421875, 208.40321350097656, 2000, 977.72528076171875, 99.63232421875, 208.40321350097656, 2000, 977.72528076171875, 99.63232421875, 208.40321350097656, 2000, 977.72528076171875, 99.63232421875, 208.40321350097656, 2000, 977.72528076171875, 99.63232421875, 208.40321350097656, 2000, 977.72528076171875, 99.63232421875, 208.40321350097656, 2000, 977.72528076171875, 99.63232421875, 208.40321350097656, 2000, 977.72528076171875, 99.63232421875, 208.40321350097656, 2000, 977.72528076171875, 99.63232421875, 208.40321350097656, 2000, 977.72528076171875, 99.63232421875, 208.40321350097656, 2000, 977.72528076171875, 99.63232421875, 208.40321350097656, 2000, 977.72528076171875, 99.63232421875, 208.40321350097656, 2000, 977.72528076171875, 99.63232421875, 208.40321350097656, 2000, 977.72528076171875, 99.63232421875, 208.40321350097656, 2000, 977.72528076171875, 99.63232421875, 208.40321350097656, 2000, 977.72528076171875, 99.63232421875, 208.40321350097656, 2000, 977.72528076171875, 99.63232421875, 208.40321350097656, 2000, 977.72528076171875, 99.63232421875, 208.40321350097656, 2000, 977.72528076171875, 99.63232421875, 208.40321350097656, 2000, 977.72528076171875, 99.63232421875, 208.40321350097656, 2000, 977.72528076171875, 